[
{
  "model": "api.user",
  "pk": 1,
  "fields": {
    "password": "pbkdf2_sha256$1000000$cWyx5MBJWnDridzqtQ12sW$claRnZgBlhOJby9LRGfsXW5MIhvDCdt1kAAD2a6Mh94=",
    "last_login": null,
    "is_superuser": true,
    "username": "admin",
    "first_name": "",
    "last_name": "",
    "is_staff": true,
    "is_active": true,
    "date_joined": "2026-01-08T22:19:19.657Z",
    "profile_image": "",
    "date_of_birth": null,
    "email": "admin@auctionhub.com",
    "groups": [],
    "user_permissions": []
  }
},
{
  "model": "api.user",
  "pk": 2,
  "fields": {
    "password": "pbkdf2_sha256$1000000$IrCcmsCW9bx1lfrla3VxOw$PMXkkgvZjaqExbgXoLT+gy3MSmCvmjawIl5FdHPY8wU=",
    "last_login": "2026-01-12T00:50:44.772Z",
    "is_superuser": false,
    "username": "alice",
    "first_name": "",
    "last_name": "",
    "is_staff": false,
    "is_active": true,
    "date_joined": "2026-01-08T22:19:19.828Z",
    "profile_image": "",
    "date_of_birth": null,
    "email": "alice@example.com",
    "groups": [],
    "user_permissions": []
  }
},
{
  "model": "api.user",
  "pk": 3,
  "fields": {
    "password": "pbkdf2_sha256$1000000$tmdxBIxR75G7E4HWfLiPhS$aLI3WriVJibm03oX149G3uQyZWcmbpJG5Cxw3eiRC2U=",
    "last_login": "2026-01-16T13:43:00.999Z",
    "is_superuser": false,
    "username": "bob",
    "first_name": "",
    "last_name": "",
    "is_staff": false,
    "is_active": true,
    "date_joined": "2026-01-08T22:19:19.997Z",
    "profile_image": "",
    "date_of_birth": null,
    "email": "bob@example.com",
    "groups": [],
    "user_permissions": []
  }
},
{
  "model": "api.user",
  "pk": 4,
  "fields": {
    "password": "pbkdf2_sha256$1000000$oO7AIk5LoXuMAQtmB6OPOD$BEjewNvYakEoa20URqradDxSDjFaFH96IbQ7Z+24WDY=",
    "last_login": null,
    "is_superuser": false,
    "username": "charlie",
    "first_name": "",
    "last_name": "",
    "is_staff": false,
    "is_active": true,
    "date_joined": "2026-01-08T22:19:20.158Z",
    "profile_image": "",
    "date_of_birth": null,
    "email": "charlie@example.com",
    "groups": [],
    "user_permissions": []
  }
},
{
  "model": "api.user",
  "pk": 5,
  "fields": {
    "password": "pbkdf2_sha256$1000000$bihfmma63Maz6r3H4N5Lb5$Rp39bP+9d0ee4YJtNcbIMuzug6erj9SMG7fWSx+xRcg=",
    "last_login": null,
    "is_superuser": false,
    "username": "diana",
    "first_name": "",
    "last_name": "",
    "is_staff": false,
    "is_active": true,
    "date_joined": "2026-01-08T22:19:20.315Z",
    "profile_image": "",
    "date_of_birth": null,
    "email": "diana@example.com",
    "groups": [],
    "user_permissions": []
  }
},
{
  "model": "api.user",
  "pk": 6,
  "fields": {
    "password": "pbkdf2_sha256$1000000$wKPrlRP0my4yP4gnGvVoLf$6p8u7nKw2pxBo+ecqomgW21LoktQsOyOym30tphny2M=",
    "last_login": null,
    "is_superuser": false,
    "username": "eve",
    "first_name": "",
    "last_name": "",
    "is_staff": false,
    "is_active": true,
    "date_joined": "2026-01-08T22:19:20.478Z",
    "profile_image": "",
    "date_of_birth": null,
    "email": "eve@example.com",
    "groups": [],
    "user_permissions": []
  }
},
{
  "model": "api.item",
  "pk": 1,
  "fields": {
    "title": "Vintage Leather Armchair",
    "description": "Beautiful vintage leather armchair from the 1960s. In excellent condition with minor patina that adds to its character. Perfect for a study or living room.",
    "starting_price": "150.00",
    "image": "items/armchair.png",
    "end_datetime": "2026-01-13T22:19:20.649Z",
    "owner": 2,
    "created_at": "2026-01-08T22:19:20.650Z",
    "winner_notified": true
  }
},
{
  "model": "api.item",
  "pk": 2,
  "fields": {
    "title": "Antique Oak Writing Desk",
    "description": "Stunning antique oak writing desk with multiple drawers and original brass handles. Dates back to the early 1900s. Some surface wear consistent with age.",
    "starting_price": "350.00",
    "image": "items/desk.png",
    "end_datetime": "2026-01-15T22:19:20.650Z",
    "owner": 3,
    "created_at": "2026-01-08T22:19:20.650Z",
    "winner_notified": true
  }
},
{
  "model": "api.item",
  "pk": 3,
  "fields": {
    "title": "Vintage Vinyl Record Collection",
    "description": "Collection of 50+ vinyl records from the 70s and 80s. Includes rock, jazz, and classical. All in playable condition. Great for collectors!",
    "starting_price": "75.00",
    "image": "items/vinyl.png",
    "end_datetime": "2026-01-11T22:19:20.651Z",
    "owner": 4,
    "created_at": "2026-01-08T22:19:20.651Z",
    "winner_notified": true
  }
},
{
  "model": "api.item",
  "pk": 4,
  "fields": {
    "title": "Professional DSLR Camera",
    "description": "Nikon D850 professional camera body. Low shutter count (under 10,000). Comes with original box and accessories. Perfect working condition.",
    "starting_price": "1200.00",
    "image": "items/camera.png",
    "end_datetime": "2026-01-18T22:19:20.651Z",
    "owner": 5,
    "created_at": "2026-01-08T22:19:20.651Z",
    "winner_notified": false
  }
},
{
  "model": "api.item",
  "pk": 5,
  "fields": {
    "title": "Handmade Persian Rug",
    "description": "Authentic handmade Persian rug, 8x10 feet. Wool with intricate traditional patterns in deep reds and blues. Made in Isfahan.",
    "starting_price": "800.00",
    "image": "items/rug.png",
    "end_datetime": "2026-01-22T22:19:20.652Z",
    "owner": 6,
    "created_at": "2026-01-08T22:19:20.652Z",
    "winner_notified": false
  }
},
{
  "model": "api.item",
  "pk": 6,
  "fields": {
    "title": "Rare Comic Book Collection",
    "description": "First edition Spider-Man and X-Men comics from the 1960s. Professionally graded and slabbed. A must-have for serious collectors.",
    "starting_price": "500.00",
    "image": "items/comics.png",
    "end_datetime": "2026-01-14T22:19:20.653Z",
    "owner": 2,
    "created_at": "2026-01-08T22:19:20.653Z",
    "winner_notified": true
  }
},
{
  "model": "api.item",
  "pk": 7,
  "fields": {
    "title": "Mechanical Watch - Swiss Made",
    "description": "Luxury Swiss mechanical watch with sapphire crystal and genuine leather band. Automatic movement, 42mm case diameter. Barely worn.",
    "starting_price": "450.00",
    "image": "items/watch.png",
    "end_datetime": "2026-01-16T22:19:20.653Z",
    "owner": 3,
    "created_at": "2026-01-08T22:19:20.654Z",
    "winner_notified": false
  }
},
{
  "model": "api.item",
  "pk": 8,
  "fields": {
    "title": "Vintage Tea Set - Fine China",
    "description": "Complete 12-piece vintage English bone china tea set. Includes teapot, sugar bowl, creamer, and 8 cups with saucers. Floral pattern with gold trim.",
    "starting_price": "120.00",
    "image": "items/teaset.png",
    "end_datetime": "2026-01-12T22:19:20.654Z",
    "owner": 4,
    "created_at": "2026-01-08T22:19:20.655Z",
    "winner_notified": true
  }
},
{
  "model": "api.item",
  "pk": 9,
  "fields": {
    "title": "Artist Oil Painting - Original",
    "description": "Original oil painting on canvas, contemporary abstract style. Size 24x36 inches. Signed by the artist. Gallery worthy piece.",
    "starting_price": "250.00",
    "image": "items/painting.png",
    "end_datetime": "2026-01-20T22:19:20.655Z",
    "owner": 5,
    "created_at": "2026-01-08T22:19:20.655Z",
    "winner_notified": false
  }
},
{
  "model": "api.item",
  "pk": 10,
  "fields": {
    "title": "Retro Gaming Console Bundle",
    "description": "Nintendo NES console with 15 classic games including Mario, Zelda, and Metroid. All tested and working. Controllers included.",
    "starting_price": "180.00",
    "image": "items/nes.png",
    "end_datetime": "2026-01-13T22:19:20.656Z",
    "owner": 6,
    "created_at": "2026-01-08T22:19:20.656Z",
    "winner_notified": true
  }
},
{
  "model": "api.item",
  "pk": 11,
  "fields": {
    "title": "Antique Brass Telescope",
    "description": "Beautiful antique brass telescope on wooden tripod. Fully functional optics. A great decorative piece that actually works!",
    "starting_price": "200.00",
    "image": "items/telescope.png",
    "end_datetime": "2026-01-17T22:19:20.656Z",
    "owner": 2,
    "created_at": "2026-01-08T22:19:20.656Z",
    "winner_notified": false
  }
},
{
  "model": "api.item",
  "pk": 12,
  "fields": {
    "title": "Designer Handbag - Authentic",
    "description": "Authentic Louis Vuitton Neverfull MM in Damier Ebene. Comes with dust bag and original receipt. Excellent pre-owned condition.",
    "starting_price": "700.00",
    "image": "items/handbag.png",
    "end_datetime": "2026-01-15T22:19:20.657Z",
    "owner": 3,
    "created_at": "2026-01-08T22:19:20.657Z",
    "winner_notified": true
  }
},
{
  "model": "api.bid",
  "pk": 1,
  "fields": {
    "item": 1,
    "bidder": 4,
    "amount": "175.00",
    "timestamp": "2026-01-08T22:19:20.658Z"
  }
},
{
  "model": "api.bid",
  "pk": 2,
  "fields": {
    "item": 1,
    "bidder": 6,
    "amount": "213.00",
    "timestamp": "2026-01-08T22:19:20.659Z"
  }
},
{
  "model": "api.bid",
  "pk": 3,
  "fields": {
    "item": 1,
    "bidder": 4,
    "amount": "234.00",
    "timestamp": "2026-01-08T22:19:20.659Z"
  }
},
{
  "model": "api.bid",
  "pk": 4,
  "fields": {
    "item": 1,
    "bidder": 4,
    "amount": "264.00",
    "timestamp": "2026-01-08T22:19:20.660Z"
  }
},
{
  "model": "api.bid",
  "pk": 5,
  "fields": {
    "item": 2,
    "bidder": 2,
    "amount": "382.00",
    "timestamp": "2026-01-08T22:19:20.661Z"
  }
},
{
  "model": "api.bid",
  "pk": 6,
  "fields": {
    "item": 3,
    "bidder": 3,
    "amount": "122.00",
    "timestamp": "2026-01-08T22:19:20.661Z"
  }
},
{
  "model": "api.bid",
  "pk": 7,
  "fields": {
    "item": 3,
    "bidder": 3,
    "amount": "146.00",
    "timestamp": "2026-01-08T22:19:20.662Z"
  }
},
{
  "model": "api.bid",
  "pk": 8,
  "fields": {
    "item": 4,
    "bidder": 6,
    "amount": "1218.00",
    "timestamp": "2026-01-08T22:19:20.663Z"
  }
},
{
  "model": "api.bid",
  "pk": 9,
  "fields": {
    "item": 4,
    "bidder": 6,
    "amount": "1237.00",
    "timestamp": "2026-01-08T22:19:20.664Z"
  }
},
{
  "model": "api.bid",
  "pk": 10,
  "fields": {
    "item": 4,
    "bidder": 6,
    "amount": "1268.00",
    "timestamp": "2026-01-08T22:19:20.664Z"
  }
},
{
  "model": "api.bid",
  "pk": 11,
  "fields": {
    "item": 5,
    "bidder": 5,
    "amount": "816.00",
    "timestamp": "2026-01-08T22:19:20.665Z"
  }
},
{
  "model": "api.bid",
  "pk": 12,
  "fields": {
    "item": 5,
    "bidder": 2,
    "amount": "840.00",
    "timestamp": "2026-01-08T22:19:20.665Z"
  }
},
{
  "model": "api.bid",
  "pk": 13,
  "fields": {
    "item": 5,
    "bidder": 2,
    "amount": "876.00",
    "timestamp": "2026-01-08T22:19:20.666Z"
  }
},
{
  "model": "api.bid",
  "pk": 14,
  "fields": {
    "item": 6,
    "bidder": 5,
    "amount": "523.00",
    "timestamp": "2026-01-08T22:19:20.666Z"
  }
},
{
  "model": "api.bid",
  "pk": 15,
  "fields": {
    "item": 6,
    "bidder": 4,
    "amount": "546.00",
    "timestamp": "2026-01-08T22:19:20.667Z"
  }
},
{
  "model": "api.bid",
  "pk": 16,
  "fields": {
    "item": 12,
    "bidder": 2,
    "amount": "700.01",
    "timestamp": "2026-01-12T01:06:14.853Z"
  }
},
{
  "model": "api.question",
  "pk": 1,
  "fields": {
    "item": 1,
    "asker": 4,
    "text": "Is this item still available for viewing before the auction ends?",
    "timestamp": "2026-01-08T22:19:20.668Z"
  }
},
{
  "model": "api.question",
  "pk": 2,
  "fields": {
    "item": 2,
    "asker": 6,
    "text": "Is this item still available for viewing before the auction ends?",
    "timestamp": "2026-01-08T22:19:20.669Z"
  }
},
{
  "model": "api.question",
  "pk": 3,
  "fields": {
    "item": 3,
    "asker": 3,
    "text": "Is this item still available for viewing before the auction ends?",
    "timestamp": "2026-01-08T22:19:20.670Z"
  }
},
{
  "model": "api.question",
  "pk": 4,
  "fields": {
    "item": 3,
    "asker": 6,
    "text": "Can you provide more details about the condition?",
    "timestamp": "2026-01-08T22:19:20.672Z"
  }
},
{
  "model": "api.question",
  "pk": 5,
  "fields": {
    "item": 4,
    "asker": 3,
    "text": "Can you provide more details about the condition?",
    "timestamp": "2026-01-08T22:19:20.672Z"
  }
},
{
  "model": "api.question",
  "pk": 6,
  "fields": {
    "item": 4,
    "asker": 6,
    "text": "Do you offer shipping, or is this pickup only?",
    "timestamp": "2026-01-08T22:19:20.673Z"
  }
},
{
  "model": "api.question",
  "pk": 7,
  "fields": {
    "item": 12,
    "asker": 2,
    "text": "erm shush",
    "timestamp": "2026-01-12T01:06:21.126Z"
  }
},
{
  "model": "api.answer",
  "pk": 1,
  "fields": {
    "question": 1,
    "responder": 2,
    "text": "Yes, absolutely! Please feel free to contact me for more information or to arrange a viewing.",
    "timestamp": "2026-01-08T22:19:20.668Z"
  }
},
{
  "model": "api.answer",
  "pk": 2,
  "fields": {
    "question": 2,
    "responder": 3,
    "text": "Yes, absolutely! Please feel free to contact me for more information or to arrange a viewing.",
    "timestamp": "2026-01-08T22:19:20.670Z"
  }
},
{
  "model": "api.answer",
  "pk": 3,
  "fields": {
    "question": 3,
    "responder": 4,
    "text": "Yes, absolutely! Please feel free to contact me for more information or to arrange a viewing.",
    "timestamp": "2026-01-08T22:19:20.671Z"
  }
},
{
  "model": "api.answer",
  "pk": 4,
  "fields": {
    "question": 5,
    "responder": 5,
    "text": "Yes, absolutely! Please feel free to contact me for more information or to arrange a viewing.",
    "timestamp": "2026-01-08T22:19:20.673Z"
  }
},
{
  "model": "api.answer",
  "pk": 5,
  "fields": {
    "question": 6,
    "responder": 5,
    "text": "Yes, absolutely! Please feel free to contact me for more information or to arrange a viewing.",
    "timestamp": "2026-01-08T22:19:20.674Z"
  }
},
{
  "model": "api.answer",
  "pk": 6,
  "fields": {
    "question": 7,
    "responder": 3,
    "text": "yes it is available",
    "timestamp": "2026-01-12T01:06:53.186Z"
  }
}
]
